Web Developer,https://www.dice.com/jobs/detail/Web-Developer-Robert-Half-Technology-San-Jose-CA-95113/rhalfint/00420-9900517?icid=sr1-1p&q=web developer&l=San Jose,07/19/16,Robert Half Technology is looking for a strong Web Developer! Please send resumes to Jaime.Belton@rht.com...,"Robert Half Technology,","San Jose, CA",Dice Id : rhalfint,Position Id : 00420-9900517
Web Developer,https://www.dice.com/jobs/detail/Web-Developer-Robert-Half-Technology-San-Jose-CA-95032/rhalfint/00420-141523?icid=sr2-1p&q=web developer&l=San Jose,07/19/16,Seeking THREE (3) We Developers to join an exciting startup thats developed the first Smart Module for the Solar...,"Robert Half Technology,","San Jose, CA",Dice Id : rhalfint,Position Id : 00420-141523
Python/Web Developer,https://www.dice.com/jobs/detail/Python%26%2347Web-Developer-Innovative-Logic-Inc.-San-Jose-CA-95110/10195273/572787?icid=sr3-1p&q=web developer&l=San Jose,07/19/16,Python Developer ( No corp to corp please) I’m looking for full stack python developer to hire ASAP. Candidate...,"Innovative Logic Inc.,","San Jose, CA","Innovative Logic Inc.,",Dice Id : 10195273
Tableau and Web Developer,https://www.dice.com/jobs/detail/Tableau-and-Web-Developer-Collabera-San-Jose-CA-95131/10208346Q/71_38573_TWD?icid=sr4-1p&q=web developer&l=San Jose,07/18/16,Duration 6 + Months (High chances to get extension) Responsibilities: Front End/UI/Web Application/Data Visualization...,"Collabera,","San Jose, CA",Dice Id : 10208346Q,Position Id : 71_38573_TWD
Web Performance Engineer,https://www.dice.com/jobs/detail/Web-Performance-Engineer-Bebee-Affinity-Social-Network-San-Jose-CA-95002/90940991/BBA000014267212?icid=sr5-1p&q=web developer&l=San Jose,07/19/16,"Primary Job Responsibilities: Looking for a company that inspires passion, courage and imagination, where you...","Bebee Affinity Social Network,","San Jose, CA","Bebee Affinity Social Network,",Dice Id : 90940991
Web Marketing Coordinator,https://www.dice.com/jobs/detail/Web-Marketing-Coordinator-The-Creative-Group-San-Jose-CA-95113/10466845/00410-198252?icid=sr6-1p&q=web developer&l=San Jose,07/19/16,"The Creative Group has an immediate need for an outgoing, energetic Marketing Communications Coordinator for...","The Creative Group,","San Jose, CA",Dice Id : 10466845,Position Id : 00410-198252
Front End/UI/Web Application/Data...,https://www.dice.com/jobs/detail/Front-End%26%2347UI%26%2347Web-Application%26%2347Data-Visualization-Engineer-Loginsoft-Consulting-LLC-San-Jose-CA-95131/10118406/T38573?icid=sr7-1p&q=web developer&l=San Jose,07/19/16,"Excellent opportunity with one of direct end clients located in San Jose- CA, following are the requirement details:...","Loginsoft Consulting LLC,","San Jose, CA","Loginsoft Consulting LLC,",Dice Id : 10118406
Web Analytics Consultant,https://www.dice.com/jobs/detail/Web-Analytics-Consultant-Dew-Software-San-Jose-CA-95131/10113487/WEBANOM?icid=sr8-1p&q=web developer&l=San Jose,07/19/16,Desired skills: Data analysis in fairly large enterprises Comfortable with advanced SQL in Teradata or...,"Dew Software,","San Jose, CA","Dew Software,",Dice Id : 10113487
Front End/UI/Web Application/Data...,https://www.dice.com/jobs/detail/Front-End%26%2347UI%26%2347Web-Application%26%2347Data-Visualization-Engineer-VIVA-USA-INC-San-Jose-CA-95101/vivausa/RMCANA18?icid=sr9-1p&q=web developer&l=San Jose,07/19/16,Title: (NonIT-Database Applications Developer)Front End/UI/Web Application/Data Visualization Engineer Mandatory...,"VIVA USA INC,","San Jose, CA","VIVA USA INC,",Dice Id : vivausa
Front End/UI/Web Application/Data...,https://www.dice.com/jobs/detail/Front-End%26%2347UI%26%2347Web-Application%26%2347Data-Visualization-Engineer-Randstad-Technologies-San-Jose-CA-95131/10115700c/498428?icid=sr10-1p&q=web developer&l=San Jose,07/19/16,Front End/UI/Web Application/Data Visualization Engineer Focus should be on strong Tableau and web development...,"Randstad Technologies,","San Jose, CA",Dice Id : 10115700c,Position Id : 498428
Web Designer - Growing Automation Tech Co....,https://www.dice.com/jobs/detail/Web-Designer-%26%2345-Growing-Automation-Tech-Co.-in-Bay-Area-CyberCoders-San-Jose-CA-95101/cybercod/AC1-13032071?icid=sr11-1p&q=web developer&l=San Jose,07/19/16,"Minimum Required Skills: Visual Web Design, Information Design, User Experience, Photoshop & Illustrator,...","CyberCoders,","San Jose, CA",Dice Id : cybercod,Position Id : AC1-13032071
"MTS 1, Software Engineer",https://www.dice.com/jobs/detail/MTS-1%2C-Software-Engineer-eBay-San-Jose-CA-95101/ebay/123443BR?icid=sr12-1p&q=web developer&l=San Jose,07/15/16,"The world’s leading e-commerce Company, eBay, Inc. brings together a family of brands that are...","eBay,","San Jose, CA",Dice Id : ebay,Position Id : 123443BR
Front end Developer,https://www.dice.com/jobs/detail/Front-end-Developer-Innovative-Logic-Inc.-San-Jose-CA-95110/10195273/560228?icid=sr13-1p&q=web developer&l=San Jose,07/19/16,Urgent Need Jr Front end developer( No corp to corp please) ( 4 to 7 years of experince only) Job Responsibilities: UX...,"Innovative Logic Inc.,","San Jose, CA","Innovative Logic Inc.,",Dice Id : 10195273
Backend Java Developer,https://www.dice.com/jobs/detail/Backend-Java-Developer-Ness-Software-Engineering-Services-San-Jose-CA-95110/apar/604331?icid=sr14-1p&q=web developer&l=San Jose,07/05/16,We are looking for Backend Java Developer with the following skills Only Local candidates Job Title: Backend Java...,"Ness Software Engineering Services,","San Jose, CA","Ness Software Engineering Services,",Dice Id : apar
Java Developer,https://www.dice.com/jobs/detail/Java-Developer-Naztec-International-Group-LLC-San-Jose-CA-95131/10119817/561280?icid=sr15-1p&q=web developer&l=San Jose,07/05/16,"Location: San Jose ,CA looking for 2 Java Developers to join the the Payments Organization. They are currently working...","Naztec International Group LLC,","San Jose, CA","Naztec International Group LLC,",Dice Id : 10119817
"MTS 2, Software Engineer",https://www.dice.com/jobs/detail/MTS-2%2C-Software-Engineer-Bebee-Affinity-Social-Network-San-Jose-CA-95002/90940991/BBA000014788568?icid=sr16-1p&q=web developer&l=San Jose,07/19/16,"Primary Job Responsibilities: Looking for a company that inspires passion, courage and imagination, where you...","Bebee Affinity Social Network,","San Jose, CA","Bebee Affinity Social Network,",Dice Id : 90940991
Senior Automation Software Engineer (CAD),https://www.dice.com/jobs/detail/Senior-Automation-Software-Engineer-%28CAD%29-Kforce-Inc.-San-Jose-CA-95101/kforcecx/ITWQG1539282?icid=sr17-1p&q=web developer&l=San Jose,07/19/16,"RESPONSIBILITIES: A small but growing semiconductor company in the Phoenix, AZ metro area is looking...","Kforce Inc.,","San Jose, CA",Dice Id : kforcecx,Position Id : ITWQG1539282
Cloud Software Engineer,https://www.dice.com/jobs/detail/Cloud-Software-Engineer-Kforce-Inc.-San-Jose-CA-95101/kforcecx/ITNRC1523375?icid=sr18-1p&q=web developer&l=San Jose,07/19/16,"RESPONSIBILITIES: A Kforce client is seeking an experienced Cloud Software Engineer in the San Jose,...","Kforce Inc.,","San Jose, CA",Dice Id : kforcecx,Position Id : ITNRC1523375
Principal Software Engineer - Industry Leader...,https://www.dice.com/jobs/detail/Principal-Software-Engineer-%26%2345-Industry-Leader-in-Data-Defense-CyberCoders-San-Jose-CA-95101/cybercod/EG1-13025466?icid=sr19-1p&q=web developer&l=San Jose,07/19/16,"Minimum Required Skills: Scrum, Java, J2EE, NoSQL, JSON, XML, Web Services If you are a Principal Software Engineer...","CyberCoders,","San Jose, CA",Dice Id : cybercod,Position Id : EG1-13025466
Java Backend Developer,https://www.dice.com/jobs/detail/Java-Backend-Developer-Tech-Mahindra-%28Americas%29-Inc.-San-Jose-CA-95101/10117699/541687?icid=sr20-1p&q=web developer&l=San Jose,07/19/16,"Title: Java Developer Location: San Jose CA Fulltime •Java, J2EE, Spring, Restful Webservices •Must have...","Tech Mahindra (Americas) Inc.,","San Jose, CA","Tech Mahindra (Americas) Inc.,",Dice Id : 10117699
